Store_ID,State,Fast_Food_Chain,Product,Onion_Type,Symptoms_Reported,Supply_Date,Affected
Store_1,MO,McDonald's,Quarter Pounder,diced,0,2024-09-22,0
Store_2,FL,Taco Bell,Crunchwrap Supreme,slivered,0,2024-10-22,0
Store_3,NE,Burger King,Whopper,slivered,0,2024-10-29,0
Store_4,NE,McDonald's,Quarter Pounder,slivered,1,2024-10-27,1
Store_5,NV,KFC,Fried Chicken,diced,0,2024-10-21,0
Store_6,ID,McDonald's,Quarter Pounder,diced,0,2024-09-23,0
Store_7,NY,Burger King,Whopper,slivered,0,2024-09-05,0
Store_8,KS,McDonald's,Quarter Pounder,diced,1,2024-09-10,0
Store_9,TX,KFC,Fried Chicken,slivered,0,2024-09-18,0
Store_10,TX,KFC,Zinger Burger,diced,0,2024-10-24,0
Store_11,ID,McDonald's,Quarter Pounder,slivered,0,2024-09-02,0
Store_12,CA,KFC,Zinger Burger,slivered,1,2024-09-22,0
Store_13,NE,Taco Bell,Crunchwrap Supreme,slivered,0,2024-09-25,0
Store_14,NM,Burger King,Chicken Sandwich,diced,0,2024-10-11,0
Store_15,MT,McDonald's,Quarter Pounder,slivered,0,2024-10-05,0
Store_16,OK,KFC,Fried Chicken,slivered,0,2024-10-24,0
Store_17,WY,Taco Bell,Burrito,diced,0,2024-09-11,0
Store_18,NY,Taco Bell,Crunchwrap Supreme,diced,1,2024-10-07,0
Store_19,UT,KFC,Fried Chicken,diced,1,2024-10-09,0
Store_20,WY,KFC,Fried Chicken,diced,0,2024-09-25,0
Store_21,MT,Taco Bell,Burrito,slivered,0,2024-09-12,0
Store_22,KS,Burger King,Whopper,slivered,0,2024-10-09,0
Store_23,NM,McDonald's,Quarter Pounder,slivered,0,2024-09-08,0
Store_24,CA,Taco Bell,Crunchwrap Supreme,diced,0,2024-10-26,0
Store_25,KS,Burger King,Whopper,diced,0,2024-10-21,0
Store_26,WY,KFC,Zinger Burger,slivered,0,2024-10-19,0
Store_27,MT,KFC,Zinger Burger,slivered,1,2024-09-20,1
Store_28,MT,Burger King,Chicken Sandwich,diced,0,2024-10-16,0
Store_29,FL,Taco Bell,Crunchwrap Supreme,slivered,0,2024-10-25,0
Store_30,MT,Taco Bell,Crunchwrap Supreme,diced,0,2024-09-21,0
Store_31,OK,Burger King,Whopper,slivered,1,2024-10-16,1
Store_32,NV,Burger King,Chicken Sandwich,diced,0,2024-09-03,0
Store_33,CO,KFC,Zinger Burger,diced,0,2024-09-18,0
Store_34,MT,Burger King,Chicken Sandwich,slivered,0,2024-09-27,0
Store_35,MT,McDonald's,Quarter Pounder,slivered,0,2024-09-06,0
Store_36,IA,McDonald's,Big Mac,slivered,0,2024-10-02,0
Store_37,FL,KFC,Zinger Burger,slivered,1,2024-10-27,0
Store_38,NE,McDonald's,Quarter Pounder,slivered,1,2024-09-16,1
Store_39,MT,Taco Bell,Crunchwrap Supreme,diced,0,2024-09-24,0
Store_40,CA,KFC,Zinger Burger,slivered,0,2024-09-29,0
Store_41,NE,KFC,Fried Chicken,diced,0,2024-10-24,0
Store_42,OK,Taco Bell,Crunchwrap Supreme,slivered,0,2024-10-31,0
Store_43,NV,Burger King,Chicken Sandwich,diced,0,2024-09-20,0
Store_44,CA,KFC,Zinger Burger,diced,0,2024-09-14,0
Store_45,NY,Taco Bell,Crunchwrap Supreme,diced,0,2024-10-04,0
Store_46,UT,Burger King,Chicken Sandwich,diced,0,2024-09-20,0
Store_47,NV,McDonald's,Quarter Pounder,diced,0,2024-09-12,0
Store_48,NM,McDonald's,Quarter Pounder,slivered,1,2024-09-08,1
Store_49,UT,Burger King,Chicken Sandwich,diced,0,2024-09-24,0
Store_50,FL,McDonald's,Big Mac,slivered,0,2024-10-21,0
Store_51,NY,KFC,Zinger Burger,diced,0,2024-09-03,0
Store_52,IA,Taco Bell,Crunchwrap Supreme,diced,0,2024-10-20,0
Store_53,FL,McDonald's,Big Mac,diced,0,2024-09-13,0
Store_54,OK,Taco Bell,Crunchwrap Supreme,slivered,0,2024-10-29,0
Store_55,MT,Taco Bell,Burrito,diced,0,2024-09-06,0
Store_56,UT,Burger King,Chicken Sandwich,slivered,0,2024-09-29,0
Store_57,OK,McDonald's,Big Mac,diced,1,2024-10-03,0
Store_58,TX,Burger King,Whopper,diced,0,2024-09-02,0
Store_59,KS,Taco Bell,Crunchwrap Supreme,diced,0,2024-10-22,0
Store_60,NE,Burger King,Chicken Sandwich,diced,0,2024-10-01,0
Store_61,ID,Burger King,Whopper,slivered,0,2024-10-28,0
Store_62,CO,Taco Bell,Burrito,diced,0,2024-10-03,0
Store_63,NM,McDonald's,Quarter Pounder,slivered,1,2024-09-10,1
Store_64,TX,Taco Bell,Burrito,slivered,0,2024-09-13,0
Store_65,NV,Burger King,Whopper,slivered,1,2024-09-22,1
Store_66,ID,Burger King,Whopper,slivered,0,2024-10-30,0
Store_67,MT,McDonald's,Big Mac,diced,0,2024-10-01,0
Store_68,OK,McDonald's,Quarter Pounder,diced,0,2024-10-17,0
Store_69,NE,Burger King,Chicken Sandwich,slivered,0,2024-10-26,0
Store_70,CA,Burger King,Chicken Sandwich,slivered,0,2024-10-04,0
Store_71,NE,KFC,Fried Chicken,diced,0,2024-09-20,0
Store_72,FL,Burger King,Chicken Sandwich,diced,0,2024-10-20,0
Store_73,OK,KFC,Zinger Burger,diced,0,2024-09-21,0
Store_74,NM,KFC,Zinger Burger,slivered,0,2024-09-10,0
Store_75,FL,McDonald's,Quarter Pounder,diced,0,2024-10-20,0
Store_76,FL,Burger King,Whopper,diced,0,2024-10-26,0
Store_77,NY,Taco Bell,Crunchwrap Supreme,slivered,0,2024-09-07,0
Store_78,MO,Burger King,Whopper,diced,0,2024-10-23,0
Store_79,UT,McDonald's,Quarter Pounder,slivered,0,2024-10-31,0
Store_80,MO,McDonald's,Quarter Pounder,slivered,0,2024-10-04,0
Store_81,ID,McDonald's,Quarter Pounder,slivered,0,2024-10-14,0
Store_82,FL,Taco Bell,Crunchwrap Supreme,diced,0,2024-09-09,0
Store_83,MO,Burger King,Chicken Sandwich,slivered,0,2024-09-14,0
Store_84,KS,KFC,Fried Chicken,slivered,0,2024-10-17,0
Store_85,KS,Burger King,Chicken Sandwich,slivered,0,2024-09-03,0
Store_86,WY,Burger King,Chicken Sandwich,slivered,0,2024-09-30,0
Store_87,KS,KFC,Fried Chicken,slivered,1,2024-09-25,1
Store_88,CO,McDonald's,Quarter Pounder,slivered,1,2024-10-16,1
Store_89,TX,KFC,Zinger Burger,diced,0,2024-10-26,0
Store_90,ID,KFC,Zinger Burger,slivered,0,2024-10-04,0
Store_91,NE,KFC,Fried Chicken,diced,0,2024-09-08,0
Store_92,WY,McDonald's,Quarter Pounder,slivered,0,2024-09-01,0
Store_93,ID,KFC,Zinger Burger,slivered,0,2024-09-20,0
Store_94,CO,McDonald's,Quarter Pounder,diced,0,2024-10-30,0
Store_95,MT,Burger King,Whopper,diced,1,2024-09-03,0
Store_96,NY,KFC,Fried Chicken,slivered,0,2024-10-14,0
Store_97,UT,KFC,Fried Chicken,slivered,0,2024-10-25,0
Store_98,KS,Taco Bell,Burrito,diced,0,2024-10-09,0
Store_99,FL,Burger King,Whopper,diced,0,2024-10-26,0
Store_100,FL,KFC,Fried Chicken,diced,0,2024-09-06,0
Store_101,CO,McDonald's,Quarter Pounder,diced,0,2024-09-22,0
Store_102,CO,McDonald's,Quarter Pounder,diced,0,2024-09-30,0
Store_103,TX,Burger King,Chicken Sandwich,slivered,0,2024-10-27,0
Store_104,CO,KFC,Zinger Burger,diced,0,2024-09-03,0
Store_105,CO,Burger King,Chicken Sandwich,slivered,0,2024-09-07,0
Store_106,NM,McDonald's,Quarter Pounder,diced,0,2024-10-04,0
Store_107,NV,KFC,Fried Chicken,slivered,0,2024-10-20,0
Store_108,CO,KFC,Zinger Burger,slivered,0,2024-10-13,0
Store_109,TX,KFC,Zinger Burger,slivered,0,2024-10-18,0
Store_110,MO,KFC,Zinger Burger,slivered,0,2024-09-20,0
Store_111,IA,Burger King,Whopper,slivered,0,2024-09-02,0
Store_112,IA,Taco Bell,Crunchwrap Supreme,diced,1,2024-10-07,0
Store_113,ID,McDonald's,Quarter Pounder,diced,0,2024-10-19,0
Store_114,NE,Taco Bell,Crunchwrap Supreme,diced,0,2024-09-20,0
Store_115,MT,McDonald's,Big Mac,diced,0,2024-10-11,0
Store_116,NM,Burger King,Whopper,diced,0,2024-10-28,0
Store_117,UT,McDonald's,Quarter Pounder,diced,0,2024-09-14,0
Store_118,NM,McDonald's,Quarter Pounder,diced,0,2024-09-21,0
Store_119,CA,Burger King,Chicken Sandwich,slivered,1,2024-09-13,0
Store_120,WY,McDonald's,Quarter Pounder,slivered,1,2024-09-13,1
Store_121,UT,McDonald's,Quarter Pounder,diced,0,2024-09-19,0
Store_122,CA,KFC,Zinger Burger,diced,0,2024-09-18,0
Store_123,NY,Taco Bell,Crunchwrap Supreme,slivered,0,2024-10-05,0
Store_124,NE,Taco Bell,Crunchwrap Supreme,diced,0,2024-09-21,0
Store_125,NE,Taco Bell,Burrito,slivered,1,2024-10-20,1
Store_126,NV,Burger King,Chicken Sandwich,diced,0,2024-09-29,0
Store_127,WY,KFC,Zinger Burger,diced,0,2024-10-13,0
Store_128,KS,McDonald's,Quarter Pounder,slivered,1,2024-09-08,1
Store_129,WY,KFC,Fried Chicken,slivered,1,2024-09-18,1
Store_130,CA,McDonald's,Quarter Pounder,diced,1,2024-09-10,0
Store_131,CA,Taco Bell,Crunchwrap Supreme,diced,0,2024-09-11,0
Store_132,CA,Taco Bell,Crunchwrap Supreme,diced,0,2024-09-18,0
Store_133,FL,Burger King,Chicken Sandwich,slivered,1,2024-09-08,0
Store_134,KS,Taco Bell,Crunchwrap Supreme,diced,1,2024-09-01,0
Store_135,CO,KFC,Zinger Burger,diced,0,2024-10-10,0
Store_136,MO,McDonald's,Big Mac,diced,0,2024-10-06,0
Store_137,WY,McDonald's,Quarter Pounder,diced,0,2024-10-03,0
Store_138,FL,Taco Bell,Crunchwrap Supreme,diced,0,2024-09-07,0
Store_139,TX,McDonald's,Quarter Pounder,slivered,0,2024-09-14,0
Store_140,OK,Taco Bell,Burrito,slivered,0,2024-10-05,0
Store_141,IA,Burger King,Chicken Sandwich,slivered,0,2024-09-23,0
Store_142,KS,Burger King,Chicken Sandwich,diced,0,2024-10-06,0
Store_143,NE,KFC,Zinger Burger,diced,0,2024-09-21,0
Store_144,MT,McDonald's,Quarter Pounder,diced,0,2024-09-18,0
Store_145,FL,KFC,Zinger Burger,diced,1,2024-09-10,0
Store_146,NM,McDonald's,Quarter Pounder,diced,0,2024-10-31,0
Store_147,KS,Taco Bell,Crunchwrap Supreme,slivered,0,2024-10-16,0
Store_148,WY,Taco Bell,Crunchwrap Supreme,slivered,1,2024-10-22,1
Store_149,NM,KFC,Zinger Burger,diced,0,2024-09-19,0
Store_150,KS,McDonald's,Quarter Pounder,slivered,0,2024-10-07,0
Store_151,MO,McDonald's,Quarter Pounder,diced,0,2024-09-16,0
Store_152,OK,McDonald's,Big Mac,diced,0,2024-09-11,0
Store_153,CO,Burger King,Chicken Sandwich,diced,0,2024-09-05,0
Store_154,MT,Burger King,Whopper,slivered,0,2024-09-20,0
Store_155,ID,Taco Bell,Burrito,slivered,0,2024-10-10,0
Store_156,CA,McDonald's,Big Mac,slivered,0,2024-10-28,0
Store_157,WY,Burger King,Whopper,diced,0,2024-09-22,0
Store_158,NV,McDonald's,Big Mac,diced,0,2024-10-05,0
Store_159,MO,KFC,Fried Chicken,slivered,1,2024-09-29,1
Store_160,NE,Burger King,Whopper,slivered,0,2024-09-04,0
Store_161,CA,Burger King,Chicken Sandwich,slivered,0,2024-09-09,0
Store_162,OK,McDonald's,Quarter Pounder,slivered,0,2024-09-02,0
Store_163,CA,Taco Bell,Burrito,slivered,1,2024-10-01,0
Store_164,ID,Burger King,Chicken Sandwich,slivered,0,2024-10-28,0
Store_165,WY,Burger King,Whopper,slivered,0,2024-10-14,0
Store_166,UT,KFC,Fried Chicken,slivered,0,2024-09-04,0
Store_167,KS,KFC,Fried Chicken,diced,0,2024-09-07,0
Store_168,IA,Burger King,Chicken Sandwich,slivered,0,2024-09-25,0
Store_169,TX,Taco Bell,Burrito,diced,0,2024-09-04,0
Store_170,NE,Burger King,Whopper,slivered,0,2024-09-06,0
Store_171,WY,McDonald's,Quarter Pounder,diced,0,2024-09-28,0
Store_172,OK,KFC,Zinger Burger,diced,0,2024-09-26,0
Store_173,CA,Taco Bell,Crunchwrap Supreme,diced,1,2024-09-12,0
Store_174,OK,Taco Bell,Burrito,diced,0,2024-10-16,0
Store_175,CO,KFC,Zinger Burger,slivered,1,2024-10-09,1
Store_176,NM,McDonald's,Quarter Pounder,slivered,0,2024-10-28,0
Store_177,NY,Taco Bell,Crunchwrap Supreme,slivered,1,2024-10-08,0
Store_178,FL,Taco Bell,Crunchwrap Supreme,diced,0,2024-10-11,0
Store_179,NE,McDonald's,Big Mac,diced,1,2024-10-24,0
Store_180,UT,Taco Bell,Burrito,diced,0,2024-10-15,0
Store_181,CA,KFC,Fried Chicken,slivered,1,2024-10-15,0
Store_182,TX,KFC,Fried Chicken,diced,0,2024-09-29,0
Store_183,MO,Taco Bell,Crunchwrap Supreme,diced,0,2024-10-10,0
Store_184,CA,KFC,Fried Chicken,diced,0,2024-09-23,0
Store_185,WY,Burger King,Chicken Sandwich,slivered,0,2024-09-20,0
Store_186,NV,KFC,Fried Chicken,diced,0,2024-09-22,0
Store_187,NE,Taco Bell,Burrito,slivered,1,2024-10-23,1
Store_188,WY,McDonald's,Big Mac,diced,0,2024-09-13,0
Store_189,WY,Taco Bell,Burrito,slivered,0,2024-10-16,0
Store_190,NM,Taco Bell,Burrito,diced,0,2024-10-19,0
Store_191,ID,Taco Bell,Crunchwrap Supreme,slivered,0,2024-10-13,0
Store_192,CA,Burger King,Chicken Sandwich,slivered,0,2024-10-22,0
Store_193,ID,KFC,Fried Chicken,slivered,1,2024-10-05,1
Store_194,CA,Taco Bell,Burrito,slivered,0,2024-09-06,0
Store_195,OK,McDonald's,Big Mac,slivered,0,2024-10-30,0
Store_196,UT,Taco Bell,Crunchwrap Supreme,slivered,0,2024-10-19,0
Store_197,IA,KFC,Zinger Burger,diced,0,2024-10-19,0
Store_198,WY,KFC,Zinger Burger,diced,0,2024-09-30,0
Store_199,CO,KFC,Fried Chicken,slivered,1,2024-10-07,1
Store_200,NV,KFC,Fried Chicken,slivered,0,2024-09-09,0
Store_201,NY,McDonald's,Big Mac,diced,0,2024-09-06,0
Store_202,UT,Taco Bell,Crunchwrap Supreme,slivered,0,2024-10-23,0
Store_203,NM,Burger King,Chicken Sandwich,slivered,0,2024-10-22,0
Store_204,IA,Burger King,Whopper,slivered,0,2024-10-29,0
Store_205,ID,Burger King,Whopper,slivered,1,2024-10-15,1
Store_206,WY,McDonald's,Quarter Pounder,diced,0,2024-09-30,0
Store_207,MO,KFC,Fried Chicken,diced,0,2024-09-07,0
Store_208,TX,KFC,Zinger Burger,diced,0,2024-09-30,0
Store_209,NY,Burger King,Chicken Sandwich,diced,0,2024-09-20,0
Store_210,TX,KFC,Zinger Burger,diced,0,2024-10-14,0
Store_211,IA,Burger King,Whopper,diced,0,2024-10-12,0
Store_212,CO,McDonald's,Quarter Pounder,diced,0,2024-10-16,0
Store_213,WY,KFC,Fried Chicken,diced,0,2024-10-20,0
Store_214,UT,Burger King,Chicken Sandwich,slivered,1,2024-09-30,1
Store_215,WY,McDonald's,Quarter Pounder,diced,0,2024-10-01,0
Store_216,OK,McDonald's,Big Mac,diced,0,2024-09-15,0
Store_217,CA,Burger King,Chicken Sandwich,diced,0,2024-10-31,0
Store_218,CO,Taco Bell,Burrito,slivered,0,2024-09-15,0
Store_219,NV,KFC,Zinger Burger,slivered,0,2024-09-10,0
Store_220,TX,Burger King,Chicken Sandwich,diced,0,2024-10-26,0
Store_221,CA,KFC,Zinger Burger,diced,0,2024-10-28,0
Store_222,WY,Burger King,Chicken Sandwich,diced,0,2024-10-10,0
Store_223,NE,KFC,Fried Chicken,slivered,1,2024-09-17,1
Store_224,MO,Taco Bell,Burrito,diced,1,2024-10-29,0
Store_225,CA,McDonald's,Big Mac,slivered,0,2024-09-24,0
Store_226,MO,Burger King,Chicken Sandwich,diced,1,2024-09-26,0
Store_227,ID,Taco Bell,Burrito,diced,0,2024-09-12,0
Store_228,NM,McDonald's,Quarter Pounder,diced,0,2024-10-15,0
Store_229,NV,Burger King,Whopper,diced,0,2024-10-29,0
Store_230,NM,KFC,Fried Chicken,diced,1,2024-10-13,0
Store_231,FL,Burger King,Whopper,diced,0,2024-09-22,0
Store_232,ID,KFC,Zinger Burger,slivered,0,2024-10-21,0
Store_233,WY,Taco Bell,Burrito,slivered,0,2024-10-26,0
Store_234,MO,KFC,Fried Chicken,slivered,0,2024-10-27,0
Store_235,TX,Burger King,Chicken Sandwich,slivered,0,2024-09-21,0
Store_236,NM,KFC,Fried Chicken,diced,0,2024-09-30,0
Store_237,TX,KFC,Zinger Burger,diced,0,2024-10-02,0
Store_238,NV,McDonald's,Big Mac,slivered,1,2024-09-02,1
Store_239,FL,Taco Bell,Burrito,slivered,0,2024-09-05,0
Store_240,WY,KFC,Fried Chicken,diced,1,2024-10-01,0
Store_241,UT,KFC,Fried Chicken,diced,0,2024-09-08,0
Store_242,NM,Taco Bell,Burrito,diced,0,2024-09-23,0
Store_243,NE,KFC,Fried Chicken,diced,0,2024-10-01,0
Store_244,FL,KFC,Zinger Burger,diced,0,2024-09-30,0
Store_245,MT,KFC,Fried Chicken,diced,1,2024-10-25,0
Store_246,NY,KFC,Fried Chicken,slivered,0,2024-09-11,0
Store_247,IA,McDonald's,Big Mac,slivered,0,2024-09-19,0
Store_248,ID,McDonald's,Quarter Pounder,diced,0,2024-10-20,0
Store_249,NV,KFC,Fried Chicken,slivered,0,2024-09-23,0
Store_250,CO,KFC,Fried Chicken,diced,0,2024-10-09,0
Store_251,CA,McDonald's,Big Mac,diced,0,2024-10-07,0
Store_252,OK,KFC,Zinger Burger,diced,0,2024-09-09,0
Store_253,CA,Burger King,Chicken Sandwich,slivered,0,2024-10-03,0
Store_254,OK,Taco Bell,Burrito,slivered,1,2024-09-07,1
Store_255,NY,KFC,Zinger Burger,diced,0,2024-09-26,0
Store_256,OK,KFC,Zinger Burger,slivered,0,2024-10-23,0
Store_257,TX,McDonald's,Big Mac,diced,0,2024-10-16,0
Store_258,ID,McDonald's,Quarter Pounder,slivered,0,2024-10-21,0
Store_259,NV,Taco Bell,Crunchwrap Supreme,diced,1,2024-09-07,0
Store_260,OK,McDonald's,Quarter Pounder,slivered,0,2024-09-21,0
Store_261,MT,McDonald's,Quarter Pounder,diced,0,2024-10-06,0
Store_262,FL,Burger King,Whopper,slivered,0,2024-10-12,0
Store_263,OK,Burger King,Whopper,slivered,1,2024-09-05,1
Store_264,MO,Burger King,Chicken Sandwich,diced,0,2024-10-21,0
Store_265,CA,McDonald's,Quarter Pounder,slivered,0,2024-09-20,0
Store_266,OK,KFC,Zinger Burger,diced,0,2024-10-05,0
Store_267,NV,Taco Bell,Crunchwrap Supreme,diced,0,2024-09-30,0
Store_268,FL,McDonald's,Quarter Pounder,diced,0,2024-09-26,0
Store_269,NE,Taco Bell,Crunchwrap Supreme,diced,0,2024-10-08,0
Store_270,OK,McDonald's,Big Mac,diced,0,2024-09-27,0
Store_271,CA,KFC,Zinger Burger,diced,0,2024-09-16,0
Store_272,NM,Burger King,Whopper,diced,0,2024-10-10,0
Store_273,CA,Burger King,Whopper,slivered,1,2024-09-16,0
Store_274,UT,Taco Bell,Crunchwrap Supreme,diced,1,2024-10-06,0
Store_275,IA,McDonald's,Big Mac,slivered,0,2024-09-11,0
Store_276,MT,KFC,Zinger Burger,slivered,1,2024-10-01,1
Store_277,MO,McDonald's,Big Mac,diced,1,2024-09-25,0
Store_278,CO,McDonald's,Big Mac,slivered,0,2024-09-05,0
Store_279,NY,KFC,Fried Chicken,slivered,0,2024-09-22,0
Store_280,MT,KFC,Zinger Burger,diced,1,2024-09-14,0
Store_281,NY,KFC,Fried Chicken,diced,0,2024-10-23,0
Store_282,NV,KFC,Fried Chicken,diced,0,2024-10-15,0
Store_283,WY,Taco Bell,Burrito,slivered,0,2024-10-08,0
Store_284,TX,KFC,Zinger Burger,slivered,0,2024-09-28,0
Store_285,FL,Taco Bell,Burrito,slivered,1,2024-10-21,0
Store_286,ID,Burger King,Whopper,slivered,0,2024-09-28,0
Store_287,NV,Taco Bell,Burrito,diced,0,2024-10-07,0
Store_288,NE,Burger King,Chicken Sandwich,diced,0,2024-10-21,0
Store_289,NM,KFC,Zinger Burger,diced,1,2024-09-22,0
Store_290,ID,McDonald's,Big Mac,slivered,0,2024-10-05,0
Store_291,TX,Taco Bell,Crunchwrap Supreme,diced,0,2024-10-15,0
Store_292,CA,KFC,Fried Chicken,slivered,0,2024-09-16,0
Store_293,WY,Taco Bell,Burrito,slivered,0,2024-09-12,0
Store_294,NY,Taco Bell,Burrito,diced,0,2024-10-13,0
Store_295,FL,Taco Bell,Crunchwrap Supreme,diced,0,2024-10-13,0
Store_296,CA,Burger King,Whopper,slivered,0,2024-09-05,0
Store_297,TX,Burger King,Chicken Sandwich,diced,0,2024-10-18,0
Store_298,KS,KFC,Fried Chicken,slivered,0,2024-10-30,0
Store_299,UT,KFC,Zinger Burger,slivered,0,2024-10-16,0
Store_300,WY,KFC,Fried Chicken,diced,0,2024-10-07,0
Store_301,IA,McDonald's,Big Mac,diced,0,2024-10-24,0
Store_302,NE,Burger King,Chicken Sandwich,slivered,0,2024-10-02,0
Store_303,UT,Burger King,Chicken Sandwich,slivered,0,2024-09-08,0
Store_304,MO,Taco Bell,Burrito,slivered,0,2024-10-08,0
Store_305,KS,Taco Bell,Burrito,diced,0,2024-10-09,0
Store_306,CA,Taco Bell,Burrito,slivered,0,2024-09-30,0
Store_307,OK,KFC,Zinger Burger,slivered,0,2024-09-21,0
Store_308,TX,Taco Bell,Burrito,diced,0,2024-10-06,0
Store_309,IA,Burger King,Whopper,diced,0,2024-09-07,0
Store_310,CO,Burger King,Chicken Sandwich,diced,0,2024-10-23,0
Store_311,IA,McDonald's,Quarter Pounder,diced,0,2024-09-29,0
Store_312,NM,Burger King,Whopper,diced,1,2024-09-12,0
Store_313,NE,KFC,Zinger Burger,diced,0,2024-09-20,0
Store_314,NE,Taco Bell,Crunchwrap Supreme,slivered,0,2024-09-26,0
Store_315,NY,Burger King,Chicken Sandwich,slivered,0,2024-09-05,0
Store_316,UT,Burger King,Chicken Sandwich,slivered,0,2024-10-09,0
Store_317,CA,Burger King,Chicken Sandwich,diced,1,2024-09-07,0
Store_318,NY,McDonald's,Quarter Pounder,slivered,0,2024-10-14,0
Store_319,ID,Taco Bell,Crunchwrap Supreme,diced,0,2024-10-23,0
Store_320,UT,McDonald's,Big Mac,slivered,0,2024-10-09,0
Store_321,CO,Burger King,Chicken Sandwich,slivered,0,2024-10-20,0
Store_322,FL,McDonald's,Quarter Pounder,slivered,0,2024-10-23,0
Store_323,IA,Taco Bell,Burrito,slivered,0,2024-09-25,0
Store_324,NV,KFC,Zinger Burger,slivered,0,2024-09-21,0
Store_325,TX,Taco Bell,Crunchwrap Supreme,diced,0,2024-10-02,0
Store_326,WY,McDonald's,Big Mac,diced,0,2024-10-12,0
Store_327,IA,KFC,Fried Chicken,slivered,0,2024-10-13,0
Store_328,ID,McDonald's,Big Mac,slivered,0,2024-09-04,0
Store_329,UT,KFC,Fried Chicken,diced,0,2024-09-06,0
Store_330,NV,McDonald's,Quarter Pounder,diced,0,2024-09-14,0
Store_331,OK,Burger King,Chicken Sandwich,slivered,0,2024-10-23,0
Store_332,NY,McDonald's,Quarter Pounder,slivered,0,2024-09-09,0
Store_333,MT,McDonald's,Big Mac,slivered,0,2024-10-27,0
Store_334,FL,Burger King,Chicken Sandwich,diced,0,2024-10-08,0
Store_335,UT,KFC,Zinger Burger,diced,0,2024-10-28,0
Store_336,FL,Taco Bell,Burrito,diced,0,2024-10-19,0
Store_337,IA,Taco Bell,Crunchwrap Supreme,diced,0,2024-10-11,0
Store_338,NY,McDonald's,Quarter Pounder,diced,0,2024-10-22,0
Store_339,NY,Burger King,Chicken Sandwich,slivered,1,2024-09-01,0
Store_340,OK,McDonald's,Quarter Pounder,diced,0,2024-10-19,0
Store_341,WY,Burger King,Whopper,diced,1,2024-09-10,0
Store_342,NV,McDonald's,Quarter Pounder,diced,0,2024-10-13,0
Store_343,KS,McDonald's,Big Mac,slivered,0,2024-09-10,0
Store_344,IA,KFC,Zinger Burger,slivered,0,2024-09-29,0
Store_345,CO,Taco Bell,Crunchwrap Supreme,diced,0,2024-10-05,0
Store_346,OK,Burger King,Chicken Sandwich,slivered,0,2024-09-19,0
Store_347,IA,Taco Bell,Burrito,slivered,0,2024-09-25,0
Store_348,MO,McDonald's,Quarter Pounder,slivered,0,2024-10-10,0
Store_349,NE,Taco Bell,Crunchwrap Supreme,slivered,0,2024-10-07,0
Store_350,MO,KFC,Fried Chicken,slivered,0,2024-09-29,0
Store_351,MO,Burger King,Whopper,slivered,0,2024-09-13,0
Store_352,OK,Taco Bell,Crunchwrap Supreme,slivered,0,2024-09-14,0
Store_353,TX,McDonald's,Quarter Pounder,slivered,0,2024-10-14,0
Store_354,NY,Burger King,Chicken Sandwich,diced,0,2024-10-27,0
Store_355,NE,Taco Bell,Burrito,slivered,0,2024-09-21,0
Store_356,CA,McDonald's,Big Mac,diced,0,2024-09-20,0
Store_357,MO,Taco Bell,Burrito,diced,0,2024-10-07,0
Store_358,MO,Taco Bell,Burrito,slivered,0,2024-10-21,0
Store_359,TX,KFC,Fried Chicken,slivered,0,2024-10-29,0
Store_360,CA,McDonald's,Big Mac,slivered,0,2024-10-14,0
Store_361,CO,Taco Bell,Burrito,slivered,0,2024-09-20,0
Store_362,MT,McDonald's,Quarter Pounder,slivered,1,2024-10-29,1
Store_363,NY,Burger King,Whopper,slivered,0,2024-10-31,0
Store_364,TX,Taco Bell,Crunchwrap Supreme,diced,0,2024-10-30,0
Store_365,CA,Burger King,Chicken Sandwich,diced,0,2024-09-28,0
Store_366,CO,KFC,Zinger Burger,diced,1,2024-10-16,0
Store_367,MT,Burger King,Chicken Sandwich,slivered,0,2024-10-29,0
Store_368,MT,KFC,Fried Chicken,diced,0,2024-09-23,0
Store_369,NM,KFC,Zinger Burger,diced,1,2024-09-06,0
Store_370,WY,KFC,Zinger Burger,slivered,0,2024-10-08,0
Store_371,IA,Taco Bell,Crunchwrap Supreme,slivered,1,2024-09-01,1
Store_372,MO,Burger King,Chicken Sandwich,slivered,0,2024-10-10,0
Store_373,UT,KFC,Zinger Burger,diced,0,2024-10-03,0
Store_374,OK,Taco Bell,Burrito,diced,0,2024-09-26,0
Store_375,MT,McDonald's,Big Mac,slivered,0,2024-10-25,0
Store_376,NY,McDonald's,Big Mac,diced,0,2024-09-09,0
Store_377,IA,Taco Bell,Burrito,slivered,0,2024-10-25,0
Store_378,NM,McDonald's,Big Mac,diced,1,2024-09-19,0
Store_379,FL,McDonald's,Big Mac,slivered,1,2024-09-04,0
Store_380,OK,KFC,Fried Chicken,slivered,0,2024-09-24,0
Store_381,CA,Burger King,Chicken Sandwich,diced,0,2024-10-28,0
Store_382,CA,KFC,Zinger Burger,slivered,0,2024-10-06,0
Store_383,IA,McDonald's,Quarter Pounder,slivered,0,2024-09-04,0
Store_384,UT,Taco Bell,Crunchwrap Supreme,diced,0,2024-09-01,0
Store_385,UT,Taco Bell,Burrito,slivered,0,2024-10-16,0
Store_386,NY,KFC,Fried Chicken,slivered,0,2024-10-06,0
Store_387,MO,McDonald's,Quarter Pounder,diced,0,2024-10-23,0
Store_388,NV,Burger King,Chicken Sandwich,slivered,0,2024-09-23,0
Store_389,WY,McDonald's,Big Mac,diced,0,2024-09-08,0
Store_390,ID,McDonald's,Quarter Pounder,diced,1,2024-10-26,0
Store_391,OK,McDonald's,Big Mac,diced,0,2024-09-19,0
Store_392,IA,McDonald's,Quarter Pounder,slivered,0,2024-10-26,0
Store_393,NE,KFC,Zinger Burger,slivered,0,2024-09-02,0
Store_394,NV,Taco Bell,Burrito,diced,0,2024-09-16,0
Store_395,IA,KFC,Zinger Burger,slivered,0,2024-09-28,0
Store_396,MO,Burger King,Chicken Sandwich,diced,0,2024-10-15,0
Store_397,UT,Burger King,Chicken Sandwich,diced,0,2024-10-08,0
Store_398,ID,Burger King,Whopper,slivered,1,2024-09-26,1
Store_399,CA,McDonald's,Big Mac,slivered,0,2024-10-11,0
Store_400,TX,KFC,Zinger Burger,slivered,0,2024-09-21,0
Store_401,ID,Taco Bell,Crunchwrap Supreme,slivered,0,2024-10-16,0
Store_402,CA,Taco Bell,Burrito,slivered,0,2024-09-25,0
Store_403,TX,KFC,Fried Chicken,diced,0,2024-09-26,0
Store_404,MO,KFC,Zinger Burger,slivered,0,2024-09-25,0
Store_405,FL,Taco Bell,Burrito,slivered,0,2024-09-28,0
Store_406,MO,KFC,Zinger Burger,slivered,0,2024-10-05,0
Store_407,MO,Taco Bell,Crunchwrap Supreme,slivered,0,2024-09-14,0
Store_408,FL,Burger King,Chicken Sandwich,diced,1,2024-10-13,0
Store_409,NV,Burger King,Chicken Sandwich,slivered,0,2024-09-12,0
Store_410,ID,McDonald's,Big Mac,diced,0,2024-10-01,0
Store_411,MO,KFC,Zinger Burger,diced,0,2024-09-09,0
Store_412,OK,KFC,Fried Chicken,diced,0,2024-09-13,0
Store_413,NY,KFC,Fried Chicken,diced,0,2024-10-06,0
Store_414,KS,Burger King,Chicken Sandwich,slivered,0,2024-09-25,0
Store_415,UT,McDonald's,Big Mac,slivered,0,2024-10-24,0
Store_416,CO,McDonald's,Big Mac,slivered,0,2024-10-30,0
Store_417,FL,McDonald's,Quarter Pounder,slivered,0,2024-09-24,0
Store_418,ID,KFC,Fried Chicken,diced,0,2024-10-24,0
Store_419,MT,McDonald's,Big Mac,diced,0,2024-09-27,0
Store_420,CA,Taco Bell,Burrito,diced,1,2024-09-10,0
Store_421,FL,KFC,Fried Chicken,diced,0,2024-09-19,0
Store_422,TX,Taco Bell,Burrito,slivered,0,2024-10-26,0
Store_423,FL,Taco Bell,Burrito,slivered,0,2024-10-13,0
Store_424,TX,McDonald's,Quarter Pounder,slivered,0,2024-09-09,0
Store_425,NY,Burger King,Chicken Sandwich,slivered,0,2024-09-09,0
Store_426,FL,Burger King,Whopper,slivered,0,2024-09-01,0
Store_427,MO,KFC,Fried Chicken,slivered,0,2024-09-05,0
Store_428,WY,McDonald's,Big Mac,diced,0,2024-10-12,0
Store_429,CO,Burger King,Chicken Sandwich,diced,0,2024-09-02,0
Store_430,NE,McDonald's,Quarter Pounder,diced,0,2024-09-10,0
Store_431,NV,Taco Bell,Crunchwrap Supreme,diced,0,2024-10-17,0
Store_432,KS,Taco Bell,Burrito,slivered,0,2024-10-27,0
Store_433,NM,Taco Bell,Burrito,diced,0,2024-10-02,0
Store_434,NE,Burger King,Whopper,diced,0,2024-10-13,0
Store_435,NV,KFC,Fried Chicken,slivered,1,2024-09-28,1
Store_436,MO,Burger King,Whopper,slivered,0,2024-09-09,0
Store_437,NY,McDonald's,Big Mac,diced,1,2024-09-06,0
Store_438,FL,Burger King,Chicken Sandwich,diced,0,2024-09-09,0
Store_439,IA,Burger King,Whopper,diced,0,2024-10-12,0
Store_440,IA,KFC,Zinger Burger,diced,0,2024-10-22,0
Store_441,NM,KFC,Zinger Burger,diced,1,2024-09-27,0
Store_442,UT,McDonald's,Big Mac,diced,0,2024-10-26,0
Store_443,KS,Taco Bell,Crunchwrap Supreme,diced,0,2024-09-30,0
Store_444,NY,McDonald's,Big Mac,slivered,0,2024-10-28,0
Store_445,MT,Taco Bell,Burrito,slivered,0,2024-10-21,0
Store_446,TX,KFC,Zinger Burger,slivered,0,2024-10-15,0
Store_447,IA,KFC,Zinger Burger,slivered,1,2024-10-09,1
Store_448,NE,Burger King,Chicken Sandwich,slivered,0,2024-10-30,0
Store_449,NV,KFC,Fried Chicken,slivered,0,2024-09-28,0
Store_450,KS,Burger King,Chicken Sandwich,diced,0,2024-10-10,0
Store_451,NY,Taco Bell,Burrito,diced,0,2024-09-12,0
Store_452,NM,Taco Bell,Crunchwrap Supreme,diced,0,2024-09-30,0
Store_453,UT,KFC,Zinger Burger,slivered,1,2024-10-03,1
Store_454,WY,McDonald's,Quarter Pounder,diced,1,2024-09-28,0
Store_455,NY,KFC,Zinger Burger,diced,0,2024-10-06,0
Store_456,IA,Burger King,Chicken Sandwich,slivered,0,2024-10-23,0
Store_457,NE,Burger King,Whopper,slivered,0,2024-09-29,0
Store_458,MT,Taco Bell,Crunchwrap Supreme,diced,0,2024-09-25,0
Store_459,UT,McDonald's,Quarter Pounder,diced,0,2024-09-23,0
Store_460,TX,Taco Bell,Burrito,slivered,0,2024-09-15,0
Store_461,MO,McDonald's,Big Mac,diced,0,2024-09-12,0
Store_462,ID,Burger King,Whopper,diced,0,2024-09-28,0
Store_463,MT,Taco Bell,Burrito,slivered,0,2024-10-09,0
Store_464,MT,KFC,Fried Chicken,slivered,0,2024-09-01,0
Store_465,KS,Burger King,Whopper,diced,1,2024-10-07,0
Store_466,UT,Taco Bell,Burrito,diced,0,2024-10-02,0
Store_467,NM,Burger King,Chicken Sandwich,slivered,0,2024-10-25,0
Store_468,MO,KFC,Zinger Burger,slivered,0,2024-10-17,0
Store_469,OK,Taco Bell,Crunchwrap Supreme,diced,0,2024-09-16,0
Store_470,NV,KFC,Fried Chicken,slivered,0,2024-10-16,0
Store_471,NV,Burger King,Whopper,diced,0,2024-10-03,0
Store_472,NM,KFC,Zinger Burger,slivered,0,2024-09-18,0
Store_473,IA,McDonald's,Big Mac,diced,0,2024-09-27,0
Store_474,ID,McDonald's,Big Mac,diced,0,2024-10-30,0
Store_475,TX,McDonald's,Big Mac,diced,0,2024-10-05,0
Store_476,KS,Taco Bell,Burrito,slivered,0,2024-10-07,0
Store_477,NM,KFC,Zinger Burger,slivered,0,2024-09-24,0
Store_478,ID,McDonald's,Quarter Pounder,slivered,0,2024-09-03,0
Store_479,ID,KFC,Fried Chicken,slivered,0,2024-09-03,0
Store_480,NE,Taco Bell,Crunchwrap Supreme,diced,1,2024-10-07,0
Store_481,ID,McDonald's,Big Mac,diced,0,2024-10-01,0
Store_482,OK,Taco Bell,Burrito,slivered,1,2024-10-16,1
Store_483,NE,McDonald's,Quarter Pounder,slivered,1,2024-09-24,1
Store_484,CA,McDonald's,Quarter Pounder,diced,0,2024-09-08,0
Store_485,FL,Taco Bell,Burrito,diced,0,2024-10-08,0
Store_486,ID,McDonald's,Quarter Pounder,slivered,0,2024-10-01,0
Store_487,NM,Burger King,Whopper,diced,0,2024-10-15,0
Store_488,TX,KFC,Zinger Burger,diced,1,2024-09-06,0
Store_489,CA,Taco Bell,Burrito,slivered,1,2024-09-10,0
Store_490,NY,Burger King,Chicken Sandwich,slivered,0,2024-10-17,0
Store_491,WY,McDonald's,Big Mac,diced,0,2024-10-17,0
Store_492,WY,KFC,Zinger Burger,diced,0,2024-10-04,0
Store_493,CA,McDonald's,Big Mac,slivered,0,2024-10-25,0
Store_494,NM,Burger King,Chicken Sandwich,slivered,0,2024-10-19,0
Store_495,UT,KFC,Fried Chicken,diced,1,2024-10-20,0
Store_496,NY,Taco Bell,Crunchwrap Supreme,diced,0,2024-09-18,0
Store_497,FL,Taco Bell,Burrito,diced,0,2024-09-30,0
Store_498,OK,McDonald's,Big Mac,slivered,0,2024-10-04,0
Store_499,CO,Taco Bell,Crunchwrap Supreme,diced,0,2024-09-06,0
Store_500,WY,McDonald's,Big Mac,diced,0,2024-10-04,0
Store_501,NY,McDonald's,Quarter Pounder,diced,0,2024-10-27,0
Store_502,UT,McDonald's,Quarter Pounder,slivered,0,2024-10-10,0
Store_503,WY,Taco Bell,Crunchwrap Supreme,diced,0,2024-09-06,0
Store_504,CA,Burger King,Whopper,slivered,0,2024-09-16,0
Store_505,MT,McDonald's,Quarter Pounder,slivered,1,2024-10-01,1
Store_506,TX,Burger King,Whopper,diced,0,2024-10-11,0
Store_507,MT,Taco Bell,Crunchwrap Supreme,diced,0,2024-10-18,0
Store_508,FL,McDonald's,Big Mac,slivered,0,2024-10-13,0
Store_509,NM,Burger King,Whopper,slivered,0,2024-10-13,0
Store_510,OK,Taco Bell,Crunchwrap Supreme,slivered,0,2024-09-05,0
Store_511,NV,McDonald's,Quarter Pounder,diced,0,2024-10-14,0
Store_512,OK,Burger King,Whopper,slivered,0,2024-10-11,0
Store_513,ID,Taco Bell,Crunchwrap Supreme,diced,0,2024-10-05,0
Store_514,FL,Taco Bell,Crunchwrap Supreme,diced,0,2024-10-22,0
Store_515,OK,Burger King,Chicken Sandwich,diced,0,2024-10-08,0
Store_516,KS,McDonald's,Quarter Pounder,slivered,0,2024-09-20,0
Store_517,KS,KFC,Fried Chicken,slivered,0,2024-10-10,0
Store_518,IA,McDonald's,Big Mac,diced,0,2024-09-04,0
Store_519,NY,KFC,Zinger Burger,diced,0,2024-10-28,0
Store_520,CO,McDonald's,Big Mac,diced,0,2024-09-22,0
Store_521,IA,Burger King,Whopper,diced,1,2024-10-05,0
Store_522,MO,Taco Bell,Burrito,diced,1,2024-10-20,0
Store_523,NY,McDonald's,Quarter Pounder,slivered,0,2024-09-01,0
Store_524,NY,KFC,Zinger Burger,slivered,1,2024-10-01,0
Store_525,CO,KFC,Fried Chicken,slivered,1,2024-09-30,1
Store_526,TX,KFC,Zinger Burger,slivered,0,2024-10-03,0
Store_527,MT,McDonald's,Quarter Pounder,diced,0,2024-10-28,0
Store_528,ID,Taco Bell,Crunchwrap Supreme,diced,1,2024-10-01,0
Store_529,NV,McDonald's,Quarter Pounder,diced,0,2024-10-07,0
Store_530,MO,Taco Bell,Burrito,diced,0,2024-10-17,0
Store_531,NM,KFC,Zinger Burger,slivered,0,2024-09-22,0
Store_532,WY,KFC,Zinger Burger,slivered,0,2024-09-27,0
Store_533,UT,McDonald's,Quarter Pounder,slivered,0,2024-09-23,0
Store_534,NM,Burger King,Chicken Sandwich,diced,0,2024-10-22,0
Store_535,WY,KFC,Fried Chicken,slivered,0,2024-09-19,0
Store_536,UT,KFC,Zinger Burger,diced,0,2024-09-19,0
Store_537,MO,KFC,Zinger Burger,slivered,1,2024-09-11,1
Store_538,KS,KFC,Fried Chicken,diced,0,2024-09-03,0
Store_539,CA,Taco Bell,Burrito,slivered,0,2024-10-15,0
Store_540,NV,Taco Bell,Burrito,slivered,0,2024-10-30,0
Store_541,NE,Taco Bell,Crunchwrap Supreme,slivered,0,2024-10-09,0
Store_542,TX,KFC,Fried Chicken,diced,0,2024-10-18,0
Store_543,WY,McDonald's,Quarter Pounder,slivered,1,2024-09-20,1
Store_544,IA,McDonald's,Big Mac,diced,0,2024-10-17,0
Store_545,CO,McDonald's,Big Mac,slivered,1,2024-10-21,1
Store_546,MT,Burger King,Whopper,diced,0,2024-10-07,0
Store_547,FL,Taco Bell,Crunchwrap Supreme,slivered,0,2024-09-17,0
Store_548,WY,KFC,Zinger Burger,diced,0,2024-09-04,0
Store_549,ID,KFC,Fried Chicken,slivered,1,2024-10-11,1
Store_550,NE,Taco Bell,Burrito,slivered,1,2024-10-01,1
Store_551,NY,Taco Bell,Crunchwrap Supreme,diced,1,2024-10-08,0
Store_552,CO,Burger King,Whopper,diced,0,2024-09-11,0
Store_553,CO,KFC,Fried Chicken,slivered,0,2024-10-07,0
Store_554,OK,McDonald's,Big Mac,diced,0,2024-09-04,0
Store_555,IA,Taco Bell,Crunchwrap Supreme,slivered,0,2024-10-13,0
Store_556,TX,Taco Bell,Crunchwrap Supreme,slivered,0,2024-09-19,0
Store_557,ID,KFC,Fried Chicken,diced,0,2024-10-22,0
Store_558,FL,Taco Bell,Crunchwrap Supreme,diced,0,2024-10-18,0
Store_559,WY,Burger King,Chicken Sandwich,slivered,1,2024-10-10,1
Store_560,NE,Taco Bell,Burrito,slivered,0,2024-09-02,0
Store_561,CA,Taco Bell,Crunchwrap Supreme,slivered,0,2024-09-19,0
Store_562,WY,Burger King,Whopper,slivered,0,2024-10-02,0
Store_563,IA,KFC,Fried Chicken,diced,0,2024-09-06,0
Store_564,IA,Burger King,Whopper,diced,0,2024-09-09,0
Store_565,OK,McDonald's,Quarter Pounder,diced,0,2024-10-03,0
Store_566,UT,KFC,Zinger Burger,diced,0,2024-09-05,0
Store_567,NV,KFC,Zinger Burger,slivered,0,2024-10-25,0
Store_568,ID,Burger King,Chicken Sandwich,diced,0,2024-10-21,0
Store_569,CA,Taco Bell,Burrito,diced,0,2024-09-18,0
Store_570,ID,McDonald's,Quarter Pounder,diced,1,2024-09-17,0
Store_571,ID,Burger King,Whopper,diced,0,2024-09-09,0
Store_572,WY,McDonald's,Quarter Pounder,diced,1,2024-10-10,0
Store_573,CO,Taco Bell,Burrito,slivered,0,2024-09-18,0
Store_574,MO,KFC,Zinger Burger,slivered,0,2024-09-18,0
Store_575,NY,KFC,Zinger Burger,diced,0,2024-10-25,0
Store_576,UT,Taco Bell,Crunchwrap Supreme,diced,1,2024-09-17,0
Store_577,MT,McDonald's,Big Mac,diced,0,2024-09-01,0
Store_578,ID,KFC,Fried Chicken,slivered,0,2024-10-18,0
Store_579,TX,Taco Bell,Burrito,slivered,1,2024-09-08,0
Store_580,NY,Taco Bell,Crunchwrap Supreme,slivered,0,2024-10-09,0
Store_581,MT,Burger King,Chicken Sandwich,diced,1,2024-09-12,0
Store_582,WY,McDonald's,Quarter Pounder,diced,0,2024-10-29,0
Store_583,IA,Burger King,Chicken Sandwich,slivered,1,2024-10-08,1
Store_584,ID,Burger King,Whopper,slivered,0,2024-10-18,0
Store_585,IA,Taco Bell,Burrito,diced,0,2024-09-10,0
Store_586,CA,Taco Bell,Crunchwrap Supreme,slivered,0,2024-10-13,0
Store_587,UT,McDonald's,Big Mac,diced,1,2024-09-29,0
Store_588,TX,KFC,Fried Chicken,diced,1,2024-09-24,0
Store_589,OK,Burger King,Chicken Sandwich,diced,0,2024-10-22,0
Store_590,ID,Burger King,Chicken Sandwich,diced,0,2024-09-12,0
Store_591,NE,McDonald's,Big Mac,diced,0,2024-09-17,0
Store_592,NM,McDonald's,Big Mac,slivered,0,2024-10-21,0
Store_593,WY,McDonald's,Big Mac,slivered,0,2024-10-15,0
Store_594,NE,McDonald's,Big Mac,slivered,0,2024-09-16,0
Store_595,NV,KFC,Zinger Burger,diced,0,2024-10-02,0
Store_596,CO,KFC,Zinger Burger,slivered,0,2024-09-12,0
Store_597,NV,McDonald's,Big Mac,slivered,0,2024-10-22,0
Store_598,MT,McDonald's,Big Mac,slivered,0,2024-10-04,0
Store_599,MT,Burger King,Chicken Sandwich,slivered,1,2024-10-26,1
Store_600,CA,Taco Bell,Crunchwrap Supreme,diced,1,2024-09-03,0
Store_601,NV,KFC,Fried Chicken,slivered,0,2024-09-22,0
Store_602,KS,Burger King,Chicken Sandwich,diced,0,2024-09-06,0
Store_603,NE,KFC,Fried Chicken,diced,0,2024-09-10,0
Store_604,FL,KFC,Zinger Burger,slivered,0,2024-10-09,0
Store_605,CA,Taco Bell,Crunchwrap Supreme,slivered,0,2024-10-30,0
Store_606,IA,Taco Bell,Crunchwrap Supreme,diced,0,2024-10-23,0
Store_607,NE,McDonald's,Quarter Pounder,slivered,0,2024-09-10,0
Store_608,FL,Burger King,Chicken Sandwich,slivered,0,2024-10-24,0
Store_609,WY,Taco Bell,Crunchwrap Supreme,diced,0,2024-10-02,0
Store_610,CO,Burger King,Whopper,diced,0,2024-10-19,0
Store_611,UT,Burger King,Chicken Sandwich,slivered,0,2024-09-27,0
Store_612,OK,Burger King,Whopper,slivered,0,2024-10-20,0
Store_613,ID,Burger King,Whopper,diced,0,2024-09-25,0
Store_614,CA,Burger King,Chicken Sandwich,slivered,0,2024-09-16,0
Store_615,TX,KFC,Zinger Burger,diced,0,2024-10-13,0
Store_616,UT,Taco Bell,Burrito,slivered,0,2024-09-29,0
Store_617,MO,Burger King,Chicken Sandwich,diced,0,2024-10-17,0
Store_618,FL,McDonald's,Big Mac,diced,0,2024-10-11,0
Store_619,WY,KFC,Zinger Burger,diced,0,2024-09-11,0
Store_620,CO,Taco Bell,Crunchwrap Supreme,diced,0,2024-09-14,0
Store_621,WY,Taco Bell,Crunchwrap Supreme,slivered,1,2024-10-07,1
Store_622,CO,Taco Bell,Burrito,slivered,0,2024-10-17,0
Store_623,NM,KFC,Fried Chicken,diced,0,2024-10-24,0
Store_624,MT,McDonald's,Big Mac,slivered,0,2024-09-23,0
Store_625,KS,Taco Bell,Crunchwrap Supreme,diced,0,2024-09-04,0
Store_626,KS,McDonald's,Big Mac,slivered,0,2024-10-12,0
Store_627,CA,KFC,Fried Chicken,diced,0,2024-09-17,0
Store_628,NV,KFC,Fried Chicken,slivered,0,2024-10-19,0
Store_629,TX,Taco Bell,Burrito,slivered,0,2024-10-23,0
Store_630,TX,Burger King,Whopper,diced,0,2024-09-08,0
Store_631,CA,KFC,Fried Chicken,diced,0,2024-09-04,0
Store_632,WY,Taco Bell,Crunchwrap Supreme,slivered,0,2024-09-11,0
Store_633,ID,Burger King,Whopper,slivered,0,2024-09-30,0
Store_634,NM,Burger King,Chicken Sandwich,slivered,0,2024-09-26,0
Store_635,WY,KFC,Fried Chicken,slivered,0,2024-10-01,0
Store_636,NV,Taco Bell,Burrito,slivered,0,2024-09-20,0
Store_637,WY,Taco Bell,Burrito,diced,1,2024-10-01,0
Store_638,MT,KFC,Zinger Burger,slivered,1,2024-10-18,1
Store_639,ID,McDonald's,Big Mac,diced,0,2024-10-31,0
Store_640,OK,McDonald's,Big Mac,diced,0,2024-10-19,0
Store_641,CA,McDonald's,Big Mac,diced,1,2024-10-30,0
Store_642,WY,Taco Bell,Burrito,slivered,0,2024-10-05,0
Store_643,NV,Burger King,Chicken Sandwich,slivered,0,2024-09-15,0
Store_644,TX,McDonald's,Quarter Pounder,diced,0,2024-09-25,0
Store_645,NE,Taco Bell,Burrito,slivered,0,2024-10-14,0
Store_646,KS,KFC,Fried Chicken,diced,0,2024-10-16,0
Store_647,NE,McDonald's,Big Mac,diced,0,2024-09-25,0
Store_648,WY,KFC,Zinger Burger,slivered,0,2024-10-01,0
Store_649,TX,Burger King,Whopper,slivered,0,2024-09-17,0
Store_650,IA,KFC,Zinger Burger,slivered,0,2024-09-10,0
Store_651,NY,McDonald's,Big Mac,diced,1,2024-10-04,0
Store_652,KS,Taco Bell,Crunchwrap Supreme,slivered,0,2024-10-26,0
Store_653,NV,Burger King,Chicken Sandwich,diced,0,2024-09-28,0
Store_654,MO,KFC,Fried Chicken,diced,1,2024-09-01,0
Store_655,IA,Burger King,Whopper,diced,0,2024-09-19,0
Store_656,CO,Burger King,Whopper,slivered,0,2024-10-30,0
Store_657,ID,Taco Bell,Crunchwrap Supreme,diced,0,2024-10-22,0
Store_658,CO,McDonald's,Big Mac,slivered,0,2024-09-29,0
Store_659,MO,Burger King,Chicken Sandwich,slivered,0,2024-09-25,0
Store_660,FL,Burger King,Whopper,slivered,0,2024-10-14,0
Store_661,UT,Burger King,Whopper,slivered,0,2024-09-21,0
Store_662,NM,KFC,Fried Chicken,diced,0,2024-10-04,0
Store_663,MO,KFC,Zinger Burger,diced,0,2024-10-14,0
Store_664,UT,Burger King,Chicken Sandwich,slivered,1,2024-09-03,1
Store_665,ID,Taco Bell,Burrito,diced,0,2024-09-07,0
Store_666,NM,Burger King,Whopper,slivered,0,2024-10-29,0
Store_667,IA,Taco Bell,Burrito,slivered,0,2024-10-05,0
Store_668,CO,Burger King,Chicken Sandwich,diced,1,2024-10-11,0
Store_669,OK,KFC,Zinger Burger,diced,0,2024-09-23,0
Store_670,TX,Taco Bell,Burrito,diced,0,2024-10-25,0
Store_671,NM,KFC,Fried Chicken,diced,0,2024-09-28,0
Store_672,WY,Burger King,Whopper,slivered,0,2024-10-10,0
Store_673,NM,Taco Bell,Crunchwrap Supreme,diced,0,2024-10-29,0
Store_674,WY,KFC,Zinger Burger,slivered,0,2024-10-12,0
Store_675,FL,McDonald's,Quarter Pounder,slivered,0,2024-10-25,0
Store_676,NY,Taco Bell,Crunchwrap Supreme,diced,1,2024-09-18,0
Store_677,UT,Burger King,Chicken Sandwich,diced,0,2024-09-22,0
Store_678,KS,KFC,Fried Chicken,slivered,0,2024-09-18,0
Store_679,FL,KFC,Fried Chicken,slivered,0,2024-09-18,0
Store_680,MO,Burger King,Chicken Sandwich,slivered,1,2024-10-22,1
Store_681,UT,Taco Bell,Crunchwrap Supreme,diced,0,2024-09-07,0
Store_682,MO,KFC,Fried Chicken,diced,0,2024-09-17,0
Store_683,NM,KFC,Zinger Burger,slivered,0,2024-10-12,0
Store_684,IA,Burger King,Chicken Sandwich,diced,1,2024-10-08,0
Store_685,IA,McDonald's,Big Mac,diced,0,2024-09-26,0
Store_686,NE,Burger King,Whopper,diced,1,2024-09-30,0
Store_687,CO,Taco Bell,Crunchwrap Supreme,slivered,0,2024-10-20,0
Store_688,KS,Taco Bell,Crunchwrap Supreme,diced,0,2024-10-14,0
Store_689,CO,Burger King,Whopper,diced,1,2024-10-18,0
Store_690,NE,Taco Bell,Burrito,diced,0,2024-09-16,0
Store_691,KS,Burger King,Chicken Sandwich,slivered,0,2024-10-17,0
Store_692,FL,KFC,Fried Chicken,diced,0,2024-10-14,0
Store_693,UT,McDonald's,Quarter Pounder,slivered,0,2024-10-08,0
Store_694,CA,Taco Bell,Crunchwrap Supreme,diced,1,2024-10-20,0
Store_695,ID,Burger King,Chicken Sandwich,slivered,0,2024-09-13,0
Store_696,MO,McDonald's,Big Mac,slivered,0,2024-10-04,0
Store_697,KS,Burger King,Chicken Sandwich,slivered,0,2024-09-22,0
Store_698,TX,McDonald's,Quarter Pounder,slivered,1,2024-10-14,0
Store_699,NE,Burger King,Chicken Sandwich,slivered,0,2024-10-15,0
Store_700,OK,KFC,Fried Chicken,slivered,0,2024-09-12,0
Store_701,NE,McDonald's,Big Mac,slivered,0,2024-09-21,0
Store_702,TX,McDonald's,Quarter Pounder,diced,0,2024-10-06,0
Store_703,OK,Burger King,Chicken Sandwich,slivered,0,2024-09-01,0
Store_704,NM,KFC,Fried Chicken,slivered,0,2024-10-14,0
Store_705,WY,Taco Bell,Crunchwrap Supreme,diced,0,2024-09-01,0
Store_706,UT,KFC,Fried Chicken,slivered,1,2024-10-24,1
Store_707,IA,McDonald's,Big Mac,slivered,1,2024-09-05,1
Store_708,KS,McDonald's,Quarter Pounder,slivered,0,2024-09-01,0
Store_709,MO,KFC,Zinger Burger,diced,0,2024-09-27,0
Store_710,NE,McDonald's,Big Mac,diced,0,2024-09-07,0
Store_711,KS,Taco Bell,Burrito,slivered,0,2024-10-04,0
Store_712,CA,McDonald's,Big Mac,slivered,1,2024-09-07,0
Store_713,WY,McDonald's,Big Mac,slivered,1,2024-10-14,1
Store_714,NY,Burger King,Whopper,slivered,1,2024-09-29,0
Store_715,NV,Taco Bell,Crunchwrap Supreme,slivered,1,2024-09-23,1
Store_716,NV,McDonald's,Big Mac,diced,0,2024-09-15,0
Store_717,OK,Taco Bell,Crunchwrap Supreme,slivered,0,2024-10-17,0
Store_718,WY,KFC,Zinger Burger,slivered,0,2024-09-19,0
Store_719,NY,Burger King,Whopper,diced,0,2024-09-17,0
Store_720,CO,McDonald's,Big Mac,diced,0,2024-09-13,0
Store_721,UT,McDonald's,Big Mac,diced,0,2024-09-03,0
Store_722,MT,Burger King,Whopper,diced,0,2024-09-02,0
Store_723,NV,Burger King,Whopper,diced,1,2024-10-10,0
Store_724,NV,Taco Bell,Burrito,diced,0,2024-09-06,0
Store_725,NE,KFC,Zinger Burger,diced,0,2024-09-04,0
Store_726,NY,Taco Bell,Crunchwrap Supreme,slivered,0,2024-10-31,0
Store_727,UT,Burger King,Chicken Sandwich,diced,0,2024-10-09,0
Store_728,FL,Taco Bell,Crunchwrap Supreme,slivered,0,2024-10-13,0
Store_729,MT,Taco Bell,Burrito,slivered,0,2024-10-28,0
Store_730,NE,McDonald's,Big Mac,slivered,0,2024-10-24,0
Store_731,ID,KFC,Zinger Burger,slivered,0,2024-09-14,0
Store_732,CO,KFC,Zinger Burger,slivered,0,2024-10-31,0
Store_733,TX,Taco Bell,Crunchwrap Supreme,diced,0,2024-10-09,0
Store_734,CO,KFC,Zinger Burger,slivered,0,2024-10-11,0
Store_735,NE,Taco Bell,Burrito,diced,0,2024-09-08,0
Store_736,UT,McDonald's,Big Mac,diced,0,2024-10-16,0
Store_737,CO,McDonald's,Big Mac,slivered,0,2024-09-08,0
Store_738,OK,Burger King,Chicken Sandwich,diced,1,2024-09-06,0
Store_739,CO,Taco Bell,Crunchwrap Supreme,diced,1,2024-10-25,0
Store_740,CA,McDonald's,Big Mac,diced,0,2024-10-09,0
Store_741,NV,Taco Bell,Burrito,diced,1,2024-09-09,0
Store_742,IA,KFC,Zinger Burger,slivered,0,2024-09-25,0
Store_743,MT,Burger King,Chicken Sandwich,diced,0,2024-10-13,0
Store_744,NE,Taco Bell,Burrito,slivered,0,2024-10-19,0
Store_745,TX,McDonald's,Big Mac,slivered,0,2024-10-28,0
Store_746,FL,KFC,Zinger Burger,slivered,0,2024-10-12,0
Store_747,KS,McDonald's,Quarter Pounder,diced,0,2024-10-07,0
Store_748,ID,KFC,Zinger Burger,diced,0,2024-10-22,0
Store_749,NM,Burger King,Whopper,slivered,0,2024-09-12,0
Store_750,WY,Burger King,Chicken Sandwich,diced,1,2024-10-28,0
Store_751,KS,McDonald's,Quarter Pounder,diced,0,2024-09-08,0
Store_752,NE,McDonald's,Quarter Pounder,slivered,0,2024-10-15,0
Store_753,TX,Taco Bell,Burrito,slivered,0,2024-09-12,0
Store_754,UT,KFC,Fried Chicken,slivered,1,2024-09-17,1
Store_755,NY,Burger King,Chicken Sandwich,slivered,1,2024-09-19,0
Store_756,WY,Taco Bell,Burrito,slivered,0,2024-09-30,0
Store_757,IA,KFC,Fried Chicken,diced,0,2024-10-13,0
Store_758,ID,Burger King,Chicken Sandwich,slivered,1,2024-10-30,1
Store_759,CA,KFC,Zinger Burger,diced,0,2024-09-05,0
Store_760,WY,Taco Bell,Crunchwrap Supreme,slivered,0,2024-10-11,0
Store_761,KS,McDonald's,Quarter Pounder,diced,0,2024-09-30,0
Store_762,TX,Burger King,Chicken Sandwich,slivered,0,2024-10-30,0
Store_763,ID,KFC,Fried Chicken,diced,0,2024-09-18,0
Store_764,NE,Taco Bell,Burrito,slivered,0,2024-10-20,0
Store_765,NV,KFC,Fried Chicken,slivered,1,2024-09-28,1
Store_766,NM,Taco Bell,Burrito,slivered,0,2024-10-15,0
Store_767,OK,Burger King,Whopper,slivered,0,2024-10-28,0
Store_768,CA,Burger King,Whopper,diced,0,2024-10-13,0
Store_769,OK,KFC,Fried Chicken,slivered,0,2024-10-20,0
Store_770,OK,KFC,Fried Chicken,slivered,0,2024-10-20,0
Store_771,NY,Taco Bell,Burrito,slivered,0,2024-09-21,0
Store_772,NM,McDonald's,Big Mac,slivered,0,2024-09-17,0
Store_773,NE,Taco Bell,Crunchwrap Supreme,diced,0,2024-09-11,0
Store_774,WY,Burger King,Chicken Sandwich,slivered,0,2024-10-20,0
Store_775,MT,Burger King,Whopper,diced,1,2024-09-05,0
Store_776,ID,Burger King,Whopper,slivered,0,2024-09-18,0
Store_777,IA,Burger King,Chicken Sandwich,diced,0,2024-10-20,0
Store_778,ID,McDonald's,Big Mac,slivered,0,2024-09-04,0
Store_779,IA,Taco Bell,Burrito,slivered,0,2024-09-25,0
Store_780,MO,Burger King,Whopper,diced,0,2024-09-25,0
Store_781,NY,McDonald's,Big Mac,diced,0,2024-09-22,0
Store_782,NY,KFC,Zinger Burger,diced,0,2024-09-04,0
Store_783,OK,KFC,Zinger Burger,slivered,0,2024-09-17,0
Store_784,TX,McDonald's,Quarter Pounder,slivered,1,2024-10-23,0
Store_785,IA,Taco Bell,Crunchwrap Supreme,slivered,1,2024-09-17,1
Store_786,UT,KFC,Zinger Burger,diced,1,2024-09-12,0
Store_787,MT,Taco Bell,Crunchwrap Supreme,slivered,0,2024-09-29,0
Store_788,NY,Burger King,Whopper,slivered,0,2024-09-05,0
Store_789,NV,KFC,Fried Chicken,diced,0,2024-10-02,0
Store_790,NY,McDonald's,Quarter Pounder,diced,0,2024-10-30,0
Store_791,NM,Taco Bell,Crunchwrap Supreme,diced,0,2024-09-13,0
Store_792,IA,Burger King,Chicken Sandwich,diced,1,2024-10-10,0
Store_793,WY,Burger King,Chicken Sandwich,diced,0,2024-09-26,0
Store_794,MO,Taco Bell,Crunchwrap Supreme,slivered,0,2024-09-12,0
Store_795,NV,Taco Bell,Crunchwrap Supreme,diced,0,2024-10-12,0
Store_796,KS,Taco Bell,Crunchwrap Supreme,diced,1,2024-10-02,0
Store_797,MT,Taco Bell,Crunchwrap Supreme,diced,1,2024-09-07,0
Store_798,OK,Burger King,Whopper,slivered,0,2024-09-10,0
Store_799,ID,Burger King,Chicken Sandwich,slivered,0,2024-10-05,0
Store_800,WY,McDonald's,Quarter Pounder,diced,0,2024-10-20,0
Store_801,NE,McDonald's,Quarter Pounder,slivered,1,2024-09-28,1
Store_802,UT,Taco Bell,Crunchwrap Supreme,slivered,0,2024-09-14,0
Store_803,CA,KFC,Fried Chicken,diced,0,2024-10-10,0
Store_804,KS,KFC,Zinger Burger,diced,1,2024-10-12,0
Store_805,NV,Taco Bell,Burrito,diced,0,2024-09-07,0
Store_806,NM,Burger King,Chicken Sandwich,slivered,0,2024-10-29,0
Store_807,MO,Taco Bell,Burrito,diced,0,2024-09-29,0
Store_808,CO,McDonald's,Quarter Pounder,diced,0,2024-10-16,0
Store_809,CA,Burger King,Chicken Sandwich,diced,0,2024-09-17,0
Store_810,NY,KFC,Zinger Burger,diced,0,2024-09-07,0
Store_811,NE,KFC,Fried Chicken,diced,0,2024-09-03,0
Store_812,IA,Taco Bell,Crunchwrap Supreme,diced,1,2024-09-05,0
Store_813,NY,Taco Bell,Burrito,diced,1,2024-09-05,0
Store_814,IA,Taco Bell,Burrito,slivered,0,2024-10-07,0
Store_815,ID,Burger King,Chicken Sandwich,slivered,0,2024-10-17,0
Store_816,IA,McDonald's,Big Mac,slivered,1,2024-09-17,1
Store_817,CO,Burger King,Chicken Sandwich,diced,0,2024-10-20,0
Store_818,KS,McDonald's,Big Mac,slivered,0,2024-09-29,0
Store_819,NE,KFC,Fried Chicken,slivered,0,2024-09-02,0
Store_820,ID,Burger King,Whopper,diced,1,2024-10-28,0
Store_821,MT,McDonald's,Big Mac,slivered,0,2024-10-02,0
Store_822,CA,KFC,Zinger Burger,slivered,0,2024-09-10,0
Store_823,UT,Burger King,Whopper,slivered,1,2024-10-12,1
Store_824,WY,Taco Bell,Burrito,slivered,0,2024-10-11,0
Store_825,NM,Burger King,Whopper,diced,0,2024-09-01,0
Store_826,WY,KFC,Zinger Burger,slivered,0,2024-10-30,0
Store_827,CO,KFC,Zinger Burger,slivered,0,2024-09-03,0
Store_828,WY,KFC,Fried Chicken,diced,1,2024-10-13,0
Store_829,MT,McDonald's,Big Mac,diced,0,2024-09-25,0
Store_830,NY,KFC,Fried Chicken,slivered,1,2024-09-18,0
Store_831,ID,Burger King,Chicken Sandwich,diced,0,2024-09-10,0
Store_832,WY,McDonald's,Quarter Pounder,diced,0,2024-10-15,0
Store_833,OK,Taco Bell,Burrito,slivered,0,2024-09-22,0
Store_834,IA,KFC,Zinger Burger,diced,0,2024-10-28,0
Store_835,KS,McDonald's,Quarter Pounder,slivered,0,2024-09-26,0
Store_836,NY,KFC,Fried Chicken,diced,0,2024-10-07,0
Store_837,KS,Taco Bell,Burrito,slivered,1,2024-09-01,1
Store_838,MO,KFC,Zinger Burger,diced,0,2024-10-03,0
Store_839,TX,McDonald's,Big Mac,diced,0,2024-10-16,0
Store_840,CA,McDonald's,Quarter Pounder,slivered,0,2024-10-31,0
Store_841,FL,Taco Bell,Burrito,slivered,0,2024-10-20,0
Store_842,CO,McDonald's,Big Mac,slivered,0,2024-10-02,0
Store_843,CA,KFC,Zinger Burger,slivered,1,2024-10-01,0
Store_844,TX,McDonald's,Quarter Pounder,diced,1,2024-09-28,0
Store_845,MO,McDonald's,Big Mac,slivered,1,2024-09-26,1
Store_846,UT,Taco Bell,Burrito,slivered,0,2024-10-25,0
Store_847,MT,Taco Bell,Crunchwrap Supreme,slivered,0,2024-10-17,0
Store_848,MO,Burger King,Chicken Sandwich,diced,0,2024-10-20,0
Store_849,NM,McDonald's,Quarter Pounder,diced,0,2024-10-22,0
Store_850,NM,McDonald's,Quarter Pounder,slivered,0,2024-10-21,0
Store_851,NY,Taco Bell,Burrito,slivered,0,2024-09-05,0
Store_852,ID,KFC,Fried Chicken,diced,0,2024-10-05,0
Store_853,KS,Burger King,Chicken Sandwich,slivered,0,2024-09-15,0
Store_854,NE,Taco Bell,Crunchwrap Supreme,slivered,0,2024-09-01,0
Store_855,NV,KFC,Zinger Burger,diced,0,2024-09-25,0
Store_856,FL,Taco Bell,Burrito,diced,0,2024-10-15,0
Store_857,TX,Taco Bell,Burrito,slivered,0,2024-10-23,0
Store_858,FL,McDonald's,Big Mac,slivered,1,2024-10-20,0
Store_859,KS,Taco Bell,Crunchwrap Supreme,slivered,0,2024-10-01,0
Store_860,WY,KFC,Zinger Burger,diced,0,2024-09-08,0
Store_861,NM,McDonald's,Big Mac,diced,0,2024-10-07,0
Store_862,CA,Taco Bell,Crunchwrap Supreme,diced,0,2024-10-05,0
Store_863,ID,McDonald's,Big Mac,diced,0,2024-10-30,0
Store_864,TX,Burger King,Chicken Sandwich,slivered,0,2024-09-23,0
Store_865,MT,Burger King,Whopper,slivered,1,2024-09-22,1
Store_866,NE,McDonald's,Quarter Pounder,diced,1,2024-10-14,0
Store_867,CO,Burger King,Whopper,slivered,0,2024-09-20,0
Store_868,CA,KFC,Zinger Burger,diced,0,2024-09-26,0
Store_869,UT,KFC,Fried Chicken,diced,0,2024-09-04,0
Store_870,FL,KFC,Fried Chicken,slivered,0,2024-10-11,0
Store_871,FL,KFC,Zinger Burger,diced,0,2024-10-12,0
Store_872,UT,McDonald's,Quarter Pounder,diced,0,2024-09-06,0
Store_873,OK,Burger King,Chicken Sandwich,diced,1,2024-09-24,0
Store_874,CA,KFC,Zinger Burger,slivered,0,2024-10-05,0
Store_875,NM,Taco Bell,Crunchwrap Supreme,diced,0,2024-10-25,0
Store_876,MO,KFC,Zinger Burger,diced,1,2024-09-22,0
Store_877,CO,Taco Bell,Burrito,slivered,1,2024-09-06,1
Store_878,OK,KFC,Fried Chicken,diced,0,2024-10-24,0
Store_879,NE,Burger King,Chicken Sandwich,diced,0,2024-09-30,0
Store_880,CO,Taco Bell,Crunchwrap Supreme,diced,0,2024-10-19,0
Store_881,NM,Taco Bell,Burrito,diced,0,2024-10-20,0
Store_882,KS,Burger King,Chicken Sandwich,diced,0,2024-09-19,0
Store_883,FL,Taco Bell,Burrito,slivered,1,2024-10-12,0
Store_884,UT,Taco Bell,Burrito,slivered,0,2024-09-13,0
Store_885,NE,Taco Bell,Crunchwrap Supreme,diced,0,2024-09-12,0
Store_886,MO,KFC,Zinger Burger,slivered,0,2024-10-06,0
Store_887,IA,Taco Bell,Crunchwrap Supreme,slivered,0,2024-09-03,0
Store_888,NE,Taco Bell,Crunchwrap Supreme,slivered,0,2024-09-25,0
Store_889,NE,Taco Bell,Crunchwrap Supreme,diced,0,2024-10-13,0
Store_890,NM,Taco Bell,Burrito,slivered,0,2024-09-13,0
Store_891,KS,Taco Bell,Burrito,slivered,0,2024-09-20,0
Store_892,NE,Burger King,Whopper,slivered,1,2024-10-15,1
Store_893,CA,Taco Bell,Burrito,slivered,0,2024-09-25,0
Store_894,UT,Burger King,Whopper,diced,0,2024-10-28,0
Store_895,MO,Burger King,Whopper,slivered,1,2024-09-07,1
Store_896,MO,McDonald's,Quarter Pounder,slivered,0,2024-10-11,0
Store_897,NE,Burger King,Whopper,diced,0,2024-10-15,0
Store_898,OK,McDonald's,Big Mac,diced,0,2024-09-23,0
Store_899,UT,Taco Bell,Burrito,slivered,0,2024-10-02,0
Store_900,CO,McDonald's,Quarter Pounder,diced,0,2024-09-06,0
Store_901,UT,McDonald's,Quarter Pounder,diced,0,2024-10-27,0
Store_902,ID,KFC,Zinger Burger,diced,0,2024-10-11,0
Store_903,MT,KFC,Fried Chicken,slivered,0,2024-09-29,0
Store_904,FL,Taco Bell,Burrito,slivered,0,2024-10-18,0
Store_905,NV,Taco Bell,Crunchwrap Supreme,diced,0,2024-09-13,0
Store_906,MO,McDonald's,Quarter Pounder,slivered,0,2024-09-09,0
Store_907,FL,McDonald's,Quarter Pounder,slivered,1,2024-09-03,0
Store_908,KS,KFC,Fried Chicken,slivered,0,2024-09-13,0
Store_909,WY,McDonald's,Big Mac,slivered,0,2024-09-02,0
Store_910,KS,KFC,Fried Chicken,slivered,0,2024-10-17,0
Store_911,NE,Taco Bell,Crunchwrap Supreme,slivered,0,2024-10-08,0
Store_912,NE,McDonald's,Big Mac,slivered,0,2024-09-16,0
Store_913,CO,McDonald's,Big Mac,slivered,0,2024-10-02,0
Store_914,FL,Taco Bell,Burrito,slivered,1,2024-09-25,0
Store_915,CO,KFC,Fried Chicken,slivered,0,2024-09-05,0
Store_916,OK,KFC,Zinger Burger,diced,0,2024-10-21,0
Store_917,MT,Burger King,Whopper,slivered,0,2024-10-05,0
Store_918,ID,Taco Bell,Crunchwrap Supreme,diced,0,2024-10-12,0
Store_919,OK,KFC,Zinger Burger,slivered,0,2024-09-20,0
Store_920,MO,Burger King,Whopper,diced,1,2024-10-02,0
Store_921,OK,Taco Bell,Burrito,slivered,1,2024-10-05,1
Store_922,KS,Burger King,Whopper,slivered,0,2024-10-24,0
Store_923,CO,KFC,Zinger Burger,diced,1,2024-10-22,0
Store_924,ID,Taco Bell,Crunchwrap Supreme,diced,0,2024-09-29,0
Store_925,ID,KFC,Fried Chicken,diced,0,2024-09-02,0
Store_926,IA,Burger King,Whopper,slivered,0,2024-09-03,0
Store_927,UT,KFC,Zinger Burger,slivered,1,2024-09-22,1
Store_928,WY,Burger King,Whopper,diced,0,2024-09-04,0
Store_929,UT,Taco Bell,Burrito,slivered,0,2024-09-22,0
Store_930,CA,Burger King,Chicken Sandwich,slivered,0,2024-10-21,0
Store_931,IA,Taco Bell,Burrito,diced,0,2024-10-17,0
Store_932,OK,Taco Bell,Crunchwrap Supreme,slivered,0,2024-09-03,0
Store_933,NV,Taco Bell,Burrito,diced,0,2024-09-26,0
Store_934,OK,Burger King,Whopper,diced,1,2024-09-08,0
Store_935,ID,McDonald's,Big Mac,slivered,0,2024-09-14,0
Store_936,MO,Taco Bell,Crunchwrap Supreme,slivered,0,2024-10-22,0
Store_937,TX,KFC,Zinger Burger,diced,0,2024-10-12,0
Store_938,FL,McDonald's,Big Mac,diced,0,2024-10-13,0
Store_939,OK,Taco Bell,Crunchwrap Supreme,slivered,0,2024-10-04,0
Store_940,MO,Burger King,Whopper,slivered,0,2024-09-30,0
Store_941,UT,KFC,Fried Chicken,slivered,0,2024-10-31,0
Store_942,NE,KFC,Zinger Burger,slivered,1,2024-10-14,1
Store_943,MO,KFC,Zinger Burger,diced,0,2024-10-26,0
Store_944,CA,Burger King,Whopper,slivered,0,2024-10-26,0
Store_945,NV,McDonald's,Big Mac,slivered,0,2024-10-05,0
Store_946,NV,Taco Bell,Crunchwrap Supreme,slivered,1,2024-09-10,1
Store_947,ID,McDonald's,Quarter Pounder,diced,0,2024-10-18,0
Store_948,MO,Burger King,Whopper,slivered,0,2024-10-08,0
Store_949,CO,Burger King,Chicken Sandwich,slivered,0,2024-09-15,0
Store_950,CA,KFC,Fried Chicken,slivered,0,2024-10-30,0
Store_951,KS,Burger King,Chicken Sandwich,diced,1,2024-09-05,0
Store_952,MO,McDonald's,Big Mac,slivered,1,2024-09-03,1
Store_953,OK,McDonald's,Big Mac,slivered,0,2024-10-18,0
Store_954,NE,Burger King,Chicken Sandwich,diced,0,2024-09-10,0
Store_955,IA,KFC,Fried Chicken,diced,0,2024-10-02,0
Store_956,FL,KFC,Zinger Burger,diced,0,2024-10-12,0
Store_957,ID,McDonald's,Big Mac,slivered,0,2024-09-02,0
Store_958,OK,Taco Bell,Crunchwrap Supreme,diced,0,2024-10-01,0
Store_959,WY,Burger King,Whopper,slivered,0,2024-10-29,0
Store_960,NE,McDonald's,Big Mac,diced,0,2024-10-29,0
Store_961,UT,Taco Bell,Crunchwrap Supreme,diced,0,2024-10-10,0
Store_962,OK,McDonald's,Quarter Pounder,diced,0,2024-09-03,0
Store_963,MO,KFC,Fried Chicken,slivered,0,2024-09-16,0
Store_964,WY,Taco Bell,Burrito,diced,0,2024-10-15,0
Store_965,OK,Burger King,Whopper,slivered,1,2024-10-12,1
Store_966,NY,KFC,Zinger Burger,diced,0,2024-09-09,0
Store_967,CO,KFC,Zinger Burger,diced,0,2024-09-01,0
Store_968,NM,KFC,Zinger Burger,slivered,0,2024-09-12,0
Store_969,MT,McDonald's,Quarter Pounder,slivered,0,2024-10-11,0
Store_970,NE,Taco Bell,Crunchwrap Supreme,diced,0,2024-09-04,0
Store_971,WY,Burger King,Chicken Sandwich,diced,0,2024-10-28,0
Store_972,UT,Burger King,Whopper,diced,0,2024-09-20,0
Store_973,NM,McDonald's,Quarter Pounder,slivered,0,2024-10-23,0
Store_974,IA,Taco Bell,Burrito,slivered,0,2024-10-21,0
Store_975,CO,KFC,Zinger Burger,slivered,0,2024-09-07,0
Store_976,KS,Burger King,Whopper,slivered,0,2024-09-30,0
Store_977,CA,KFC,Zinger Burger,slivered,0,2024-10-10,0
Store_978,NY,Burger King,Chicken Sandwich,diced,1,2024-09-11,0
Store_979,TX,Burger King,Whopper,slivered,1,2024-10-24,0
Store_980,MO,McDonald's,Big Mac,diced,0,2024-10-08,0
Store_981,TX,McDonald's,Quarter Pounder,diced,1,2024-09-05,0
Store_982,FL,Burger King,Whopper,diced,1,2024-10-23,0
Store_983,CA,McDonald's,Quarter Pounder,slivered,0,2024-10-23,0
Store_984,UT,KFC,Fried Chicken,slivered,0,2024-09-07,0
Store_985,CA,Burger King,Whopper,diced,0,2024-09-08,0
Store_986,IA,KFC,Zinger Burger,diced,0,2024-10-02,0
Store_987,FL,Burger King,Whopper,diced,0,2024-10-09,0
Store_988,NE,McDonald's,Quarter Pounder,diced,0,2024-10-22,0
Store_989,MO,Taco Bell,Crunchwrap Supreme,diced,1,2024-10-10,0
Store_990,NY,Taco Bell,Burrito,diced,1,2024-09-15,0
Store_991,WY,Burger King,Chicken Sandwich,diced,0,2024-09-05,0
Store_992,KS,Burger King,Whopper,slivered,1,2024-10-22,1
Store_993,NV,KFC,Zinger Burger,diced,1,2024-09-13,0
Store_994,CO,Taco Bell,Crunchwrap Supreme,diced,0,2024-09-28,0
Store_995,OK,Burger King,Chicken Sandwich,slivered,0,2024-09-22,0
Store_996,NM,KFC,Fried Chicken,diced,0,2024-10-22,0
Store_997,IA,Taco Bell,Burrito,diced,0,2024-10-24,0
Store_998,WY,Taco Bell,Burrito,diced,0,2024-10-18,0
Store_999,OK,KFC,Fried Chicken,diced,0,2024-10-14,0
Store_1000,MO,Taco Bell,Burrito,diced,0,2024-09-26,0
